{"y_axis": {"max": 2, "labels": null, "steps": 2, "offset": false, "min": -2}, "x_axis": {"labels": {"rotate": "vertical", "steps": 4}, "steps": 2}, "elements": [{"halo-size": 1, "colour": "#C4B86A", "dot-size": 4, "width": 2, "fill-alpha": 0.7, "values": [0.0, 0.377471728511, 0.739894850386, 1.07282069945, 1.36297657271, 1.59879487114, 1.77087426334, 1.87235448698, 1.89918984578, 1.85031049867, 1.72766511097, 1.53614316726, 1.28338004305, 0.979452606461, 0.636477485296, 0.268128015314, -0.110910872512, -0.485528093851, -0.84078884226, -1.16252999279, -1.43792474109, -1.65599396759, -1.80804394039, -1.8880129069, -1.89271275679, -1.82195612186, -1.67856384587, -1.46825252636, -1.19940661196, -0.882744140886, -0.530889446578], "type": "area_line", "fill": "#C4B8AA"}], "title": {"text": "Area Chart"}}