{"y_axis": {"max": 15, "steps": 5, "min": 0}, "elements": [{"dot-size": 4, "values": [7.0, 7.37747172851, 7.73989485039, 8.07282069945, 8.36297657271, 8.59879487114, 8.77087426334, 8.87235448698, 8.89918984578, 8.85031049867, 8.72766511097, 8.53614316726, 8.28338004305, 7.97945260646, 7.6364774853, 7.26812801531, 6.88908912749, 6.51447190615, 6.15921115774, 5.83747000721, 5.56207525891, 5.34400603241, 5.19195605961, 5.1119870931, 5.10728724321, 5.17804387814, 5.32143615413, 5.53174747364, 5.80059338804, 6.11725585911, 6.46911055342], "type": "line_hollow", "width": 2, "halo-size": 0}, {"dot-size": 4, "values": [10.0, 10.3774717285, 10.7398948504, 11.0728206995, 11.3629765727, 11.5987948711, 11.7708742633, 11.872354487, 11.8991898458, 11.8503104987, 11.727665111, 11.5361431673, 11.283380043, 10.9794526065, 10.6364774853, 10.2681280153, 9.88908912749, 9.51447190615, 9.15921115774, 8.83747000721, 8.56207525891, 8.34400603241, 8.19195605961, 8.1119870931, 8.10728724321, 8.17804387814, 8.32143615413, 8.53174747364, 8.80059338804, 9.11725585911, 9.46911055342], "type": "line_hollow", "width": 1, "halo-size": 1}, {"dot-size": 4, "values": [4.0, 4.37747172851, 4.73989485039, 5.07282069945, 5.36297657271, 5.59879487114, 5.77087426334, 5.87235448698, 5.89918984578, 5.85031049867, 5.72766511097, 5.53614316726, 5.28338004305, 4.97945260646, 4.6364774853, 4.26812801531, 3.88908912749, 3.51447190615, 3.15921115774, 2.83747000721, 2.56207525891, 2.34400603241, 2.19195605961, 2.1119870931, 2.10728724321, 2.17804387814, 2.32143615413, 2.53174747364, 2.80059338804, 3.11725585911, 3.46911055342], "type": "line_hollow", "width": 6, "halo-size": 1}], "title": {"text": "Sat 2009 Jan 24"}}